performance_id,city,competition,start,end,type,program,name,nation,rank,starting_number,total_segment_score,total_element_score,total_component_score,total_base_value,unfactored_components,avg_unfactored_components,total_deductions
bc9fe94419,Tours,Championnat de France (France 3),26/03/2022,27/03/2022,CdF,Coupe de France 2022,Lilian BROQUA,FRA,3,1,40.77,17.96,22.81,20.06,12.67,3.1675,0.00
a1d26bc58e,Tours,Championnat de France (France 3),26/03/2022,27/03/2022,CdF,Coupe de France 2022,Yohan SANTOS,FRA,1,1,70.52,32.54,40.98,40.02,20.490000000000002,4.098000000000001,-3.00
7af3582931,Tours,Championnat de France (France 3),26/03/2022,27/03/2022,CdF,Coupe de France 2022,Oxence DOUALE--LEPAGE,FRA,1,2,46.20,20.24,25.96,20.7,14.42,3.605,0.00
b07781efa1,Tours,Championnat de France (France 3),26/03/2022,27/03/2022,CdF,Coupe de France 2022,Leo JIANG,FRA,2,3,44.55,17.86,26.69,18.7,14.83,3.7075,0.00
85908e5dc9,Font Romeu,Coupe Prido,20/11/2021,21/11/2021,TF,BASIC NOVICE JUNIORS/SENIORS DAMES FREE SKATING,Elise PASTEUR,FRA,3,1,22.17,9.97,12.70,10.3,5.08,2.54,-0.50
f4220006e6,Font Romeu,Coupe Prido,20/11/2021,21/11/2021,TF,BASIC NOVICE JUNIORS/SENIORS DAMES FREE SKATING,Carla ATTARD,FRA,4,2,17.39,7.26,10.63,7.7,4.25,2.125,-0.50
87704e367d,Font Romeu,Coupe Prido,20/11/2021,21/11/2021,TF,BASIC NOVICE JUNIORS/SENIORS DAMES FREE SKATING,Alexandrine CALBO,FRA,2,3,22.90,9.52,14.38,11.2,5.75,2.875,-1.00
b39f0c7a73,Font Romeu,Coupe Prido,20/11/2021,21/11/2021,TF,BASIC NOVICE JUNIORS/SENIORS DAMES FREE SKATING,Maeva BORIES,FRA,1,4,24.28,9.48,14.80,10.12,5.92,2.96,0.00
a7351e5e5c,Font Romeu,Coupe Prido,20/11/2021,21/11/2021,TF,BASIC NOVICE MINIMES/NOVICES DAMES FREE SKATING,Camille ESCUDIE--BERTRAND,FRA,13,1,17.81,7.58,10.23,8.28,4.09,2.045,0.00
e768519579,Font Romeu,Coupe Prido,20/11/2021,21/11/2021,TF,BASIC NOVICE MINIMES/NOVICES DAMES FREE SKATING,Anna HILS,FRA,4,2,22.12,10.66,11.46,10.5,4.58,2.29,0.00
6cb1cff485,Font Romeu,Coupe Prido,20/11/2021,21/11/2021,TF,BASIC NOVICE MINIMES/NOVICES DAMES FREE SKATING,Faustine POLO,FRA,5,4,20.84,10.29,11.05,10.42,4.42,2.21,-0.50
e19fb1870a,Font Romeu,Coupe Prido,20/11/2021,21/11/2021,TF,BASIC NOVICE MINIMES/NOVICES DAMES FREE SKATING,Chloé ESCAPE,FRA,6,5,20.71,10.28,10.43,10.54,4.17,2.085,0.00
2c07a3da99,Font Romeu,Coupe Prido,20/11/2021,21/11/2021,TF,BASIC NOVICE MINIMES/NOVICES DAMES FREE SKATING,Besma BOUSSOUALIN,FRA,11,6,17.99,7.36,10.63,8.0,4.25,2.125,0.00
0d5207c68e,Font Romeu,Coupe Prido,20/11/2021,21/11/2021,TF,BASIC NOVICE MINIMES/NOVICES DAMES FREE SKATING,Pauline CUENCA,FRA,3,7,22.35,9.92,12.93,11.12,5.17,2.585,-0.50
b2bf35d57d,Font Romeu,Coupe Prido,20/11/2021,21/11/2021,TF,BASIC NOVICE MINIMES/NOVICES DAMES FREE SKATING,Leonie DENOYELLE,FRA,15,8,16.08,6.38,10.20,7.88,4.08,2.04,-0.50
5869bb8ad4,Font Romeu,Coupe Prido,20/11/2021,21/11/2021,TF,BASIC NOVICE MINIMES/NOVICES DAMES FREE SKATING,Clara BUSNEL,FRA,9,9,19.66,8.83,10.83,10.26,4.33,2.165,0.00
3800253dab,Font Romeu,Coupe Prido,20/11/2021,21/11/2021,TF,BASIC NOVICE MINIMES/NOVICES DAMES FREE SKATING,Inès KARMOUNI,FRA,10,10,18.87,7.39,11.48,8.02,4.59,2.295,0.00
2f0afded51,Font Romeu,Coupe Prido,20/11/2021,21/11/2021,TF,BASIC NOVICE MINIMES/NOVICES DAMES FREE SKATING,Célia GOUSSARD,FRA,2,11,23.81,10.75,13.56,11.44,5.42,2.71,-0.50
81aaacf960,Font Romeu,Coupe Prido,20/11/2021,21/11/2021,TF,BASIC NOVICE MINIMES/NOVICES DAMES FREE SKATING,Mailis DUPIN,FRA,8,12,20.06,9.03,11.03,9.6,4.41,2.205,0.00
bafe41e33f,Font Romeu,Coupe Prido,20/11/2021,21/11/2021,TF,BASIC NOVICE MINIMES/NOVICES DAMES FREE SKATING,Erin MEYER,FRA,12,13,17.84,9.46,9.38,11.04,3.75,1.875,-1.00
e5ee96f372,Font Romeu,Coupe Prido,20/11/2021,21/11/2021,TF,BASIC NOVICE MINIMES/NOVICES DAMES FREE SKATING,Samantha SANDOVAL. ROUGON,FRA,1,14,23.90,11.90,12.50,11.96,5.0,2.5,-0.50
5f50da0265,Font Romeu,Coupe Prido,20/11/2021,21/11/2021,TF,BASIC NOVICE MINIMES/NOVICES DAMES FREE SKATING,Zoé ERY-PEYTAVY,FRA,14,15,16.76,7.18,9.58,7.4,3.83,1.915,0.00
598892e7ba,Font Romeu,Coupe Prido,20/11/2021,21/11/2021,TF,BASIC NOVICE MINIMES/NOVICES DAMES FREE SKATING,Tahys NIZAN,FRA,7,16,20.63,8.30,13.33,9.9,5.33,2.665,-1.00
ba712159f7,Font Romeu,Coupe Prido,20/11/2021,21/11/2021,TF,CATEGORIE A BENJAMINS DAMES FREE SKATING,Saskia ERNY,FRA,1,1,16.18,10.58,5.60,10.2,11.17,2.7925,0.00
c9635f3dba,Font Romeu,Coupe Prido,20/11/2021,21/11/2021,TF,CATEGORIE A BENJAMINS DAMES FREE SKATING,Alyson CALMELS,FRA,2,2,13.15,8.69,4.46,9.6,8.91,2.2275,0.00
cf4a8f5a11,Font Romeu,Coupe Prido,20/11/2021,21/11/2021,TF,CATEGORIE A BENJAMINS DAMES FREE SKATING,Maloe GRATALON,FRA,3,3,10.96,8.11,4.35,9.5,8.67,2.1675,-1.50
4371e4dcd8,Font Romeu,Coupe Prido,20/11/2021,21/11/2021,TF,CATEGORIE A OPEN MINIMES DAMES FREE SKATING,Jeanne DENOYELLE,FRA,5,1,12.00,8.24,3.76,8.76,7.5,1.875,0.00
3be861abff,Font Romeu,Coupe Prido,20/11/2021,21/11/2021,TF,CATEGORIE A OPEN MINIMES DAMES FREE SKATING,Eden LAFTESS,FRA,6,2,11.98,7.89,4.09,8.48,8.17,2.0425,0.00
9b34a3206f,Font Romeu,Coupe Prido,20/11/2021,21/11/2021,TF,CATEGORIE A OPEN MINIMES DAMES FREE SKATING,Lou Anh CHAMEROIS,FRA,1,3,13.56,8.68,4.88,8.9,9.75,2.4375,0.00
3bd8052b3d,Font Romeu,Coupe Prido,20/11/2021,21/11/2021,TF,CATEGORIE A OPEN MINIMES DAMES FREE SKATING,Lina KARMOUNI,FRA,3,4,12.81,9.34,3.47,10.08,6.92,1.73,0.00
5079779ad0,Font Romeu,Coupe Prido,20/11/2021,21/11/2021,TF,CATEGORIE A OPEN MINIMES DAMES FREE SKATING,Mathilde MERY,FRA,8,5,9.70,6.73,3.47,7.5,6.91,1.7275,-0.50
b0b5045921,Font Romeu,Coupe Prido,20/11/2021,21/11/2021,TF,CATEGORIE A OPEN MINIMES DAMES FREE SKATING,Maelys TARZAALI,FRA,7,6,9.96,7.28,3.68,9.0,7.34,1.835,-1.00
fdcad27a48,Font Romeu,Coupe Prido,20/11/2021,21/11/2021,TF,CATEGORIE A OPEN MINIMES DAMES FREE SKATING,Lena REUTER,FRA,4,7,12.65,8.88,3.77,8.9,7.5,1.875,0.00
a390cf882d,Font Romeu,Coupe Prido,20/11/2021,21/11/2021,TF,CATEGORIE A OPEN MINIMES DAMES FREE SKATING,Marion VIALA,FRA,2,8,12.86,9.43,3.43,10.2,6.83,1.7075,0.00
2af5a5445b,Font Romeu,Coupe Prido,20/11/2021,21/11/2021,TF,CATEGORIE A POUSSINS DAMES FREE SKATING,Camille BARTHELEMY,FRA,3,1,10.20,5.94,4.26,6.4,8.5,2.125,0.00
7e997e32e0,Font Romeu,Coupe Prido,20/11/2021,21/11/2021,TF,CATEGORIE A POUSSINS DAMES FREE SKATING,Emma YANDIBENE-PIGOT,FRA,1,2,15.46,10.04,5.42,10.1,10.83,2.7075,0.00
eb7b8172b4,Font Romeu,Coupe Prido,20/11/2021,21/11/2021,TF,CATEGORIE A POUSSINS DAMES FREE SKATING,Angelika ARKHIPOV,FRA,2,3,10.22,6.79,3.93,8.11,7.84,1.96,-0.50
dc3293e950,Font Romeu,Coupe Prido,20/11/2021,21/11/2021,TF,F1 JUNIORS DAMES FREE SKATING,Nina CULLELL,FRA,1,1,40.38,18.48,22.40,20.3,14.0,3.5,-0.50
b5cfde33de,Font Romeu,Coupe Prido,20/11/2021,21/11/2021,TF,F1 NOVICES DAME FREE SKATING,Mathilde CLIQUOT,FRA,2,1,26.92,11.21,16.71,12.94,9.83,3.276666666666667,-1.00
f13ac394d3,Font Romeu,Coupe Prido,20/11/2021,21/11/2021,TF,F1 NOVICES DAME FREE SKATING,Rachel MARTINEZ,FRA,1,2,28.83,11.76,17.57,13.2,10.34,3.4466666666666668,-0.50
e4f470c534,Font Romeu,Coupe Prido,20/11/2021,21/11/2021,TF,F1 NOVICES MESSIEURS FREE SKATING,Lilian BROQUA,FRA,1,1,38.94,16.62,22.32,17.4,11.16,3.72,0.00
370a5f0ae0,Font Romeu,Coupe Prido,20/11/2021,21/11/2021,TF,F1 NOVICES MESSIEURS FREE SKATING,Hugo GUILLOTEAU,FRA,2,2,31.35,11.67,19.68,13.4,9.84,3.28,0.00
ed76f92308,Font Romeu,Coupe Prido,20/11/2021,21/11/2021,TF,F2 BENJAMINS DAMES FREE SKATING,Leyna BERTOMEU,FRA,4,1,19.41,8.41,12.50,10.8,5.0,2.5,-1.50
42d83bdccb,Font Romeu,Coupe Prido,20/11/2021,21/11/2021,TF,F2 BENJAMINS DAMES FREE SKATING,Themis REY,FRA,3,2,19.93,8.05,11.88,8.1,4.75,2.375,0.00
a79b4b906f,Font Romeu,Coupe Prido,20/11/2021,21/11/2021,TF,F2 BENJAMINS DAMES FREE SKATING,Chloe COMBES,FRA,1,3,21.23,8.10,13.13,8.54,5.25,2.625,0.00
7ac68ad6f8,Font Romeu,Coupe Prido,20/11/2021,21/11/2021,TF,F2 BENJAMINS DAMES FREE SKATING,Mia HERVE,FRA,2,4,20.39,8.88,12.51,10.44,5.0,2.5,-1.00
ce091a973e,Font Romeu,Coupe Prido,20/11/2021,21/11/2021,TF,F2 BENJAMINS DAMES FREE SKATING,Clemence VIALA,FRA,5,5,15.78,6.05,10.23,7.16,4.09,2.045,-0.50
d3abe15c4f,Font Romeu,Coupe Prido,20/11/2021,21/11/2021,TF,F2 JUNIORS DAMES FREE SKATING,Elisa MARTY,FRA,4,1,29.62,13.88,15.74,14.1,9.26,3.0866666666666664,0.00
98ffda9b32,Font Romeu,Coupe Prido,20/11/2021,21/11/2021,TF,F2 JUNIORS DAMES FREE SKATING,Camille BISCHOFF,FRA,3,2,30.47,12.91,17.56,13.06,10.33,3.4433333333333334,0.00
4e3f545e55,Font Romeu,Coupe Prido,20/11/2021,21/11/2021,TF,F2 JUNIORS DAMES FREE SKATING,Anais PAGES,FRA,5,3,26.53,11.58,15.45,12.5,9.09,3.03,-0.50
c54b30abc5,Font Romeu,Coupe Prido,20/11/2021,21/11/2021,TF,F2 JUNIORS DAMES FREE SKATING,Mariona COLL COTS,FRA,2,4,32.98,14.55,18.43,15.24,10.84,3.6133333333333333,0.00
b04e49d6df,Font Romeu,Coupe Prido,20/11/2021,21/11/2021,TF,F2 JUNIORS DAMES FREE SKATING,Paloma LE SAINT HUBY,FRA,1,5,33.40,15.49,18.41,15.76,10.83,3.61,-0.50
62eb02e6ec,Font Romeu,Coupe Prido,20/11/2021,21/11/2021,TF,F2 MINIMES DAMES FREE SKATING,Lena NECA,FRA,5,1,22.59,9.56,13.53,11.08,5.41,2.705,-0.50
0839b7c97e,Font Romeu,Coupe Prido,20/11/2021,21/11/2021,TF,F2 MINIMES DAMES FREE SKATING,Eva CASTELLANOS,FRA,3,2,29.40,13.22,16.68,13.3,6.67,3.335,-0.50
a5232a6dbe,Font Romeu,Coupe Prido,20/11/2021,21/11/2021,TF,F2 MINIMES DAMES FREE SKATING,Naissa SIMON-GUERIN,FRA,2,3,29.73,11.60,18.13,11.2,7.25,3.625,0.00
79ad0f7099,Font Romeu,Coupe Prido,20/11/2021,21/11/2021,TF,F2 MINIMES DAMES FREE SKATING,Danae DESHAIES,FRA,4,4,26.15,11.22,15.43,12.56,6.17,3.085,-0.50
5f97c67dff,Font Romeu,Coupe Prido,20/11/2021,21/11/2021,TF,F2 MINIMES DAMES FREE SKATING,Naila VISA AUQUE,FRA,1,5,31.52,14.24,17.28,15.12,6.91,3.455,0.00
84b68ab78e,Font Romeu,Coupe Prido,20/11/2021,21/11/2021,TF,F2 MINIMES DAMES FREE SKATING,Maeva CLIQUOT,FRA,6,6,22.01,8.35,14.16,9.82,5.66,2.83,-0.50
afa452f5d9,Nîmes,Coupe des Costières,12/03/2022,13/03/2022,Regional,BASIC NOVICE  JUNIORS SENIORS DAMES FREE SKATING,Carla ATTARD,FRA,2,1,18.44,6.04,12.90,7.3,5.16,2.58,-0.50
4c23f1e6af,Nîmes,Coupe des Costières,12/03/2022,13/03/2022,Regional,BASIC NOVICE  JUNIORS SENIORS DAMES FREE SKATING,Elise PASTEUR,FRA,1,2,21.60,7.50,14.60,8.5,5.84,2.92,-0.50
f1b4bbab50,Nîmes,Coupe des Costières,12/03/2022,13/03/2022,Regional,BASIC NOVICE MINIMES NOVICES DAMES FREE SKATING,Marion VIALA,FRA,5,1,20.94,9.06,11.88,9.5,4.75,2.375,0.00
ada16af4a8,Nîmes,Coupe des Costières,12/03/2022,13/03/2022,Regional,BASIC NOVICE MINIMES NOVICES DAMES FREE SKATING,Lina KARMOUNI,FRA,2,2,24.33,10.97,13.36,11.46,5.34,2.67,0.00
f8f05265a4,Nîmes,Coupe des Costières,12/03/2022,13/03/2022,Regional,BASIC NOVICE MINIMES NOVICES DAMES FREE SKATING,Maeva ALBERT,FRA,9,3,16.82,6.49,10.83,7.48,4.33,2.165,-0.50
0ed96fe179,Nîmes,Coupe des Costières,12/03/2022,13/03/2022,Regional,BASIC NOVICE MINIMES NOVICES DAMES FREE SKATING,Amandine CATUSSE,FRA,7,6,19.15,7.47,11.68,8.3,4.67,2.335,0.00
6672fc7ad8,Nîmes,Coupe des Costières,12/03/2022,13/03/2022,Regional,BASIC NOVICE MINIMES NOVICES DAMES FREE SKATING,Maelys TARZAALI,FRA,8,7,17.91,6.23,11.68,7.34,4.67,2.335,0.00
06a4083116,Nîmes,Coupe des Costières,12/03/2022,13/03/2022,Regional,BASIC NOVICE MINIMES NOVICES DAMES FREE SKATING,Lena REUTER,FRA,4,9,21.61,8.56,13.55,9.04,5.42,2.71,-0.50
523152c765,Nîmes,Coupe des Costières,12/03/2022,13/03/2022,Regional,BASIC NOVICE MINIMES NOVICES DAMES FREE SKATING,Anais FAVARETTO,FRA,10,10,16.50,5.62,11.88,7.3,4.75,2.375,-1.00
bc2e828ed4,Nîmes,Coupe des Costières,12/03/2022,13/03/2022,Regional,BASIC NOVICE MINIMES NOVICES DAMES FREE SKATING,Erin MEYER,FRA,3,11,22.58,9.88,12.70,10.1,5.08,2.54,0.00
d901216749,Nîmes,Coupe des Costières,12/03/2022,13/03/2022,Regional,BASIC NOVICE MINIMES NOVICES DAMES FREE SKATING,Leonie DENOYELLE,FRA,6,12,19.33,7.65,11.68,8.5,4.67,2.335,0.00
61da9b2558,Nîmes,Coupe des Costières,12/03/2022,13/03/2022,Regional,BASIC NOVICE MINIMES NOVICES DAMES FREE SKATING,Zoé ERY-PEYTAVY,FRA,1,13,24.71,10.13,14.58,9.9,5.83,2.915,0.00
18f0b02a64,Nîmes,Coupe des Costières,12/03/2022,13/03/2022,Regional,FEDERAL 1 BENJAMINES FILLES FREE SKATING,Lilly BRUNEVAL,FRA,4,1,21.78,8.30,13.98,9.66,5.59,2.795,-0.50
e5979d4a9e,Nîmes,Coupe des Costières,12/03/2022,13/03/2022,Regional,FEDERAL 1 BENJAMINES FILLES FREE SKATING,Saskia ERNY,FRA,3,2,23.79,9.91,14.38,10.93,5.75,2.875,-0.50
bf93cb4620,Nîmes,Coupe des Costières,12/03/2022,13/03/2022,Regional,FEDERAL 1 BENJAMINES FILLES FREE SKATING,Mia HERVE,FRA,1,3,27.96,11.98,16.48,12.9,6.59,3.295,-0.50
09668c6244,Nîmes,Coupe des Costières,12/03/2022,13/03/2022,Regional,FEDERAL 1 BENJAMINES FILLES FREE SKATING,Clemence VIALA,FRA,2,4,24.51,10.43,14.58,11.1,5.83,2.915,-0.50
d605f101cb,Nîmes,Coupe des Costières,12/03/2022,13/03/2022,Regional,FEDERAL 1 JUNIORS DAMES FREE SKATING,Paloma LE SAINT HUBY,FRA,3,1,34.59,14.29,20.80,16.53,13.0,3.25,-0.50
e5b91d59d9,Nîmes,Coupe des Costières,12/03/2022,13/03/2022,Regional,FEDERAL 1 JUNIORS DAMES FREE SKATING,Nina CULLELL,FRA,1,2,40.38,18.05,23.33,21.0,14.58,3.645,-1.00
152efd405d,Nîmes,Coupe des Costières,12/03/2022,13/03/2022,Regional,FEDERAL 1 JUNIORS DAMES FREE SKATING,Mariona COLL COTS,FRA,2,3,40.09,17.43,22.66,19.32,14.16,3.54,0.00
0684651968,Nîmes,Coupe des Costières,12/03/2022,13/03/2022,Regional,FEDERAL 1 MINIMES FILLES FREE SKATING,Inès KARMOUNI,FRA,6,1,22.45,9.63,13.32,11.86,7.83,2.61,-0.50
af590b5650,Nîmes,Coupe des Costières,12/03/2022,13/03/2022,Regional,FEDERAL 1 MINIMES FILLES FREE SKATING,Eva CASTELLANOS,FRA,1,2,33.00,14.86,18.14,14.86,10.67,3.5566666666666666,0.00
47abe792de,Nîmes,Coupe des Costières,12/03/2022,13/03/2022,Regional,FEDERAL 1 MINIMES FILLES FREE SKATING,Samantha SANDOVAL. ROUGON,FRA,5,3,25.93,9.98,16.45,11.3,9.67,3.223333333333333,-0.50
7f5c07052f,Nîmes,Coupe des Costières,12/03/2022,13/03/2022,Regional,FEDERAL 1 MINIMES FILLES FREE SKATING,Lya GARCIA,FRA,3,4,29.60,14.94,15.16,16.14,8.92,2.973333333333333,-0.50
1364f78a5a,Nîmes,Coupe des Costières,12/03/2022,13/03/2022,Regional,FEDERAL 1 MINIMES FILLES FREE SKATING,Naila VISA AUQUE,FRA,2,5,31.03,15.10,16.43,15.29,9.66,3.22,-0.50
ec8433214c,Nîmes,Coupe des Costières,12/03/2022,13/03/2022,Regional,FEDERAL 1 MINIMES FILLES FREE SKATING,Naissa SIMON-GUERIN,FRA,4,6,28.45,11.87,16.58,12.2,9.75,3.25,0.00
0da9209265,Nîmes,Coupe des Costières,12/03/2022,13/03/2022,Regional,FEDERAL 1 NOVICES DAMES FREE SKATING,Leylou GAUTHIER,FRA,2,2,26.30,11.08,16.72,11.9,9.83,3.276666666666667,-1.50
9614d4a18f,Nîmes,Coupe des Costières,12/03/2022,13/03/2022,Regional,FEDERAL 1 NOVICES DAMES FREE SKATING,Rose CABIROL,FRA,1,3,29.95,13.80,17.15,15.6,10.09,3.3633333333333333,-1.00
e42e850f18,Nîmes,Coupe des Costières,12/03/2022,13/03/2022,Regional,FEDERAL 1 NOVICES MESSSIEURS FREE SKATING,Hugo GUILLOTEAU,FRA,1,1,33.61,12.61,21.50,14.38,10.75,3.5833333333333335,-0.50
1198fc6e65,Nîmes,Coupe des Costières,12/03/2022,13/03/2022,Regional,FEDERAL 2 BENJAMINES FILLES FREE SKATING,Alyson CALMELS,FRA,4,1,19.91,7.28,13.13,8.1,5.25,2.625,-0.50
b0ea6cd006,Nîmes,Coupe des Costières,12/03/2022,13/03/2022,Regional,FEDERAL 2 BENJAMINES FILLES FREE SKATING,Justine GLORIEUX,FRA,6,2,18.62,6.52,12.10,7.28,4.84,2.42,0.00
8a45813cde,Nîmes,Coupe des Costières,12/03/2022,13/03/2022,Regional,FEDERAL 2 BENJAMINES FILLES FREE SKATING,Themis REY,FRA,3,3,21.76,7.06,15.20,8.88,6.08,3.04,-0.50
40d78c32ae,Nîmes,Coupe des Costières,12/03/2022,13/03/2022,Regional,FEDERAL 2 BENJAMINES FILLES FREE SKATING,Emma MARC,FRA,2,4,24.63,8.58,16.05,8.6,6.42,3.21,0.00
691b4ec933,Nîmes,Coupe des Costières,12/03/2022,13/03/2022,Regional,FEDERAL 2 BENJAMINES FILLES FREE SKATING,Maloe GRATALON,FRA,1,5,25.43,11.25,14.18,11.6,5.67,2.835,0.00
79160f6de0,Nîmes,Coupe des Costières,12/03/2022,13/03/2022,Regional,FEDERAL 2 BENJAMINES FILLES FREE SKATING,Yaelle BOUQUIER,FRA,5,6,19.58,6.22,13.36,7.13,5.34,2.67,0.00
21f63f5406,Nîmes,Coupe des Costières,12/03/2022,13/03/2022,Regional,FEDERAL 2 MINIMES FILLES FREE SKATING,Faustine POLO,FRA,1,1,27.53,12.40,15.63,13.26,6.25,3.125,-0.50
f7c1f22cf7,Nîmes,Coupe des Costières,12/03/2022,13/03/2022,Regional,FEDERAL 2 MINIMES FILLES FREE SKATING,Besma BOUSSOUALIN,FRA,3,2,24.10,9.50,14.60,10.5,5.84,2.92,0.00
ebdc98fb64,Nîmes,Coupe des Costières,12/03/2022,13/03/2022,Regional,FEDERAL 2 MINIMES FILLES FREE SKATING,Chloé ESCAPE,FRA,2,3,24.38,10.80,14.58,13.14,5.83,2.915,-1.00
233ed55b10,Nîmes,Coupe des Costières,12/03/2022,13/03/2022,Regional,INTERMEDIAIRE JUNIORS SENIORS DAMES FREE SKATING,Alexandrine CALBO,FRA,1,1,32.46,15.11,17.85,16.2,10.5,3.5,-0.50
9e0c4f3df0,Nîmes,Coupe des Costières,12/03/2022,13/03/2022,Regional,N2 NOVICES MESSIEURS FREE SKATING,Lilian BROQUA,FRA,1,1,39.13,15.38,24.75,18.1,13.75,3.4375,-1.00
3bc1afb905,Nîmes,Coupe des Costières,12/03/2022,13/03/2022,Regional,N2 POUSSINES FILLES FREE SKATING,Angelika ARKHIPOV,FRA,2,1,19.11,6.36,13.75,8.53,5.5,2.75,-1.00
1524ed743d,Nîmes,Coupe des Costières,12/03/2022,13/03/2022,Regional,N2 POUSSINES FILLES FREE SKATING,Emma YANDIBENE-PIGOT,FRA,1,2,27.77,11.92,15.85,11.76,6.34,3.17,0.00
d572716b32,Nîmes,Coupe des Costières,12/03/2022,13/03/2022,Regional,N2 SENIORS MESSIEURS FREE SKATING,Yohan SANTOS,FRA,1,1,57.37,24.23,36.14,32.95,18.07,3.614,-3.00
4f537986c8,Toulouse,Coupe des Violettes,19/02/2022,20/02/2022,SFC,CAT B MINIME FILLES FREE SKATING,Eva RATEAU,FRA,4,1,3.27,1.20,5.34,1.2,5.34,1.335,0.00
3525629243,Toulouse,Coupe des Violettes,19/02/2022,20/02/2022,SFC,CAT B MINIME FILLES FREE SKATING,Margaux ETIENNE,FRA,1,2,7.18,8.52,5.84,8.3,5.84,1.46,0.00
242c72c8ec,Toulouse,Coupe des Violettes,19/02/2022,20/02/2022,SFC,CAT B MINIME FILLES FREE SKATING,Eva FLOREK,FRA,2,3,7.02,8.44,5.59,8.5,5.59,1.3975,0.00
a03453249b,Toulouse,Coupe des Violettes,19/02/2022,20/02/2022,SFC,CAT B MINIME FILLES FREE SKATING,Maëlys BARRET,FRA,3,4,3.49,2.38,4.59,2.6,4.59,1.1475,0.00
1308f16dc4,Toulouse,Coupe des Violettes,19/02/2022,20/02/2022,SFC,CAT BN JUNIOR/SENIOR DAMES FREE SKATING,Louna BOURDIN,FRA,5,1,20.66,7.53,13.13,8.48,5.25,2.625,0.00
97120b733a,Toulouse,Coupe des Violettes,19/02/2022,20/02/2022,SFC,CAT BN JUNIOR/SENIOR DAMES FREE SKATING,Elona MICARD,FRA,3,2,21.85,8.92,12.93,9.6,5.17,2.585,0.00
393e28dca3,Toulouse,Coupe des Violettes,19/02/2022,20/02/2022,SFC,CAT BN JUNIOR/SENIOR DAMES FREE SKATING,Coralie CHABREYRON,FRA,6,3,18.83,6.53,12.30,7.98,4.92,2.46,0.00
9b186af195,Toulouse,Coupe des Violettes,19/02/2022,20/02/2022,SFC,CAT BN JUNIOR/SENIOR DAMES FREE SKATING,Elise PASTEUR,FRA,2,4,22.89,8.91,13.98,9.1,5.59,2.795,0.00
0534227b77,Toulouse,Coupe des Violettes,19/02/2022,20/02/2022,SFC,CAT BN JUNIOR/SENIOR DAMES FREE SKATING,Candice CHABREYRON,FRA,4,5,21.01,9.11,12.90,9.8,5.16,2.58,-1.00
629388fcdd,Toulouse,Coupe des Violettes,19/02/2022,20/02/2022,SFC,CAT BN JUNIOR/SENIOR DAMES FREE SKATING,Alexandrine CALBO,FRA,1,6,26.18,11.18,15.00,11.92,6.0,3.0,0.00
b384d5c8ff,Toulouse,Coupe des Violettes,19/02/2022,20/02/2022,SFC,CAT BN MINIME/NOVICE DAMES FREE SKATING,Camille ESCUDIE--BERTRAND,FRA,10,1,17.26,5.58,11.68,6.5,4.67,2.335,0.00
5fc1013d34,Toulouse,Coupe des Violettes,19/02/2022,20/02/2022,SFC,CAT BN MINIME/NOVICE DAMES FREE SKATING,Zoé ERY-PEYTAVY,FRA,3,2,21.03,9.45,12.08,9.6,4.83,2.415,-0.50
da3c981fc7,Toulouse,Coupe des Violettes,19/02/2022,20/02/2022,SFC,CAT BN MINIME/NOVICE DAMES FREE SKATING,Ninon BUSSON,FRA,9,3,17.54,6.48,11.06,7.38,4.42,2.21,0.00
3cbd6b4227,Toulouse,Coupe des Violettes,19/02/2022,20/02/2022,SFC,CAT BN MINIME/NOVICE DAMES FREE SKATING,Marine JASPIERRE,FRA,1,4,25.03,11.47,13.56,11.4,5.42,2.71,0.00
e3978df89c,Toulouse,Coupe des Violettes,19/02/2022,20/02/2022,SFC,CAT BN MINIME/NOVICE DAMES FREE SKATING,Maxine GRASSO,FRA,8,5,17.80,6.84,11.46,7.3,4.58,2.29,-0.50
1ca52c6ec3,Toulouse,Coupe des Violettes,19/02/2022,20/02/2022,SFC,CAT BN MINIME/NOVICE DAMES FREE SKATING,Luna GOYARD,FRA,4,6,20.49,8.21,12.28,8.08,4.91,2.455,0.00
f867ec6a25,Toulouse,Coupe des Violettes,19/02/2022,20/02/2022,SFC,CAT BN MINIME/NOVICE DAMES FREE SKATING,Shirley PALIN,FRA,11,7,17.00,6.60,10.40,7.78,4.16,2.08,0.00
22d304974f,Toulouse,Coupe des Violettes,19/02/2022,20/02/2022,SFC,CAT BN MINIME/NOVICE DAMES FREE SKATING,Besma BOUSSOUALIN,FRA,2,8,22.36,9.66,12.70,10.0,5.08,2.54,0.00
a0fcaf550f,Toulouse,Coupe des Violettes,19/02/2022,20/02/2022,SFC,CAT BN MINIME/NOVICE DAMES FREE SKATING,Maeva ALBERT,FRA,12,9,16.02,5.66,10.86,6.78,4.34,2.17,-0.50
f55a85f262,Toulouse,Coupe des Violettes,19/02/2022,20/02/2022,SFC,CAT BN MINIME/NOVICE DAMES FREE SKATING,Elise BRILLOUET,FRA,7,11,19.00,7.32,11.68,7.58,4.67,2.335,0.00
0c564afae2,Toulouse,Coupe des Violettes,19/02/2022,20/02/2022,SFC,CAT BN MINIME/NOVICE DAMES FREE SKATING,Marion VIALA,FRA,6,12,19.46,8.28,11.68,9.6,4.67,2.335,-0.50
8bdbc1103b,Toulouse,Coupe des Violettes,19/02/2022,20/02/2022,SFC,CAT BN MINIME/NOVICE DAMES FREE SKATING,Maelys TARZAALI,FRA,5,13,20.30,8.00,12.30,9.1,4.92,2.46,0.00
7fcd568057,Toulouse,Coupe des Violettes,19/02/2022,20/02/2022,SFC,CAT F1 BENJAMIN DAMES FREE SKATING,Clemence VIALA *R*,FRA,3,1,25.39,9.83,16.06,10.54,6.42,3.21,-0.50
87b14d814d,Toulouse,Coupe des Violettes,19/02/2022,20/02/2022,SFC,CAT F1 BENJAMIN DAMES FREE SKATING,Saskia ERNY ***,FRA,4,2,23.79,9.51,14.78,10.5,5.91,2.955,-0.50
552c6c5564,Toulouse,Coupe des Violettes,19/02/2022,20/02/2022,SFC,CAT F1 BENJAMIN DAMES FREE SKATING,Lumie JACQUENET-FUJITA ***,FRA,2,3,26.97,11.77,15.20,11.48,6.08,3.04,0.00
66280bab53,Toulouse,Coupe des Violettes,19/02/2022,20/02/2022,SFC,CAT F1 BENJAMIN DAMES FREE SKATING,Mia HERVE ***,FRA,1,4,29.95,12.45,17.50,12.6,7.0,3.5,0.00
2127e8e94d,Toulouse,Coupe des Violettes,19/02/2022,20/02/2022,SFC,CAT F1 BENJAMIN DAMES FREE SKATING,Suzon BLAZART ***,FRA,5,5,21.63,8.07,13.56,8.7,5.42,2.71,0.00
a5c1f37deb,Toulouse,Coupe des Violettes,19/02/2022,20/02/2022,SFC,CAT F1 BENJAMIN MESSIEURS FREE SKATING,Axel PEYROUT ***,FRA,1,1,25.28,9.65,15.63,9.3,6.25,3.125,0.00
a81d8a93ef,Toulouse,Coupe des Violettes,19/02/2022,20/02/2022,SFC,CAT F1 MINIME DAMES FREE SKATING,Samantha SANDOVAL. ROUGON -R-,FRA,13,1,19.31,6.28,14.03,7.82,8.25,2.75,-1.00
89944ec100,Toulouse,Coupe des Violettes,19/02/2022,20/02/2022,SFC,CAT F1 MINIME DAMES FREE SKATING,Agathe COUET -S-,FRA,9,2,26.75,11.94,15.31,14.1,9.0,3.0,-0.50
8c6a5f6412,Toulouse,Coupe des Violettes,19/02/2022,20/02/2022,SFC,CAT F1 MINIME DAMES FREE SKATING,Lola ROUQUETTE -R-,FRA,7,3,28.15,12.56,15.59,12.1,9.17,3.0566666666666666,0.00
68f3fb95f9,Toulouse,Coupe des Violettes,19/02/2022,20/02/2022,SFC,CAT F1 MINIME DAMES FREE SKATING,Clara SEGUY -S-,FRA,5,4,29.01,11.23,18.28,11.64,10.75,3.5833333333333335,-0.50
9308736e6f,Toulouse,Coupe des Violettes,19/02/2022,20/02/2022,SFC,CAT F1 MINIME DAMES FREE SKATING,Lena NECA -S-,FRA,4,5,29.20,13.33,15.87,14.0,9.33,3.11,0.00
ce8038e2c9,Toulouse,Coupe des Violettes,19/02/2022,20/02/2022,SFC,CAT F1 MINIME DAMES FREE SKATING,Eva CASTELLANOS -S-,FRA,2,6,31.40,14.61,17.29,14.86,10.17,3.39,-0.50
9071530734,Toulouse,Coupe des Violettes,19/02/2022,20/02/2022,SFC,CAT F1 MINIME DAMES FREE SKATING,Julianne DAVIET -S-,FRA,10,7,26.57,11.20,15.87,11.4,9.33,3.11,-0.50
d712134c79,Toulouse,Coupe des Violettes,19/02/2022,20/02/2022,SFC,CAT F1 MINIME DAMES FREE SKATING,Meline BILLY -R-,FRA,12,8,22.44,10.54,13.90,12.88,8.17,2.723333333333333,-2.00
f09e7c4409,Toulouse,Coupe des Violettes,19/02/2022,20/02/2022,SFC,CAT F1 MINIME DAMES FREE SKATING,Lena PEYROUT -S-,FRA,11,9,24.96,11.01,14.45,12.2,8.5,2.8333333333333335,-0.50
33bd50a7c5,Toulouse,Coupe des Violettes,19/02/2022,20/02/2022,SFC,CAT F1 MINIME DAMES FREE SKATING,Amandine CELLARD,MON,6,11,28.48,12.06,16.42,12.7,9.66,3.22,0.00
ca06c998d3,Toulouse,Coupe des Violettes,19/02/2022,20/02/2022,SFC,CAT F1 MINIME DAMES FREE SKATING,Danae DESHAIES -S-,FRA,3,12,29.56,12.42,17.14,12.76,10.08,3.36,0.00
fa66b04001,Toulouse,Coupe des Violettes,19/02/2022,20/02/2022,SFC,CAT F1 MINIME DAMES FREE SKATING,Maeva CLIQUOT,FRA,8,13,27.38,11.79,15.59,11.5,9.17,3.0566666666666666,0.00
b1441268bd,Toulouse,Coupe des Violettes,19/02/2022,20/02/2022,SFC,CAT F1 MINIME DAMES FREE SKATING,Naissa SIMON-GUERIN -S-,FRA,1,14,32.63,13.85,19.28,12.7,11.34,3.78,-0.50
cfc4314093,Toulouse,Coupe des Violettes,19/02/2022,20/02/2022,SFC,CAT F1 NOVICE DAMES FREE SKATING,Mathilde CLIQUOT -S-,FRA,4,1,29.14,13.06,16.58,14.87,9.75,3.25,-0.50
723cebacb2,Toulouse,Coupe des Violettes,19/02/2022,20/02/2022,SFC,CAT F1 NOVICE DAMES FREE SKATING,Jeanne COUET -S-,FRA,6,2,28.76,12.55,16.71,12.46,9.83,3.276666666666667,-0.50
09d12c982d,Toulouse,Coupe des Violettes,19/02/2022,20/02/2022,SFC,CAT F1 NOVICE DAMES FREE SKATING,Alix REGNIEZ -R-,FRA,9,3,25.32,9.75,15.57,11.59,9.16,3.0533333333333332,0.00
0ffb75eb13,Toulouse,Coupe des Violettes,19/02/2022,20/02/2022,SFC,CAT F1 NOVICE DAMES FREE SKATING,Manon SEGUY -S-,FRA,1,4,31.86,15.36,17.00,15.78,10.0,3.3333333333333335,-0.50
7e94621f24,Toulouse,Coupe des Violettes,19/02/2022,20/02/2022,SFC,CAT F1 NOVICE DAMES FREE SKATING,Marine BUSSON -S-,FRA,5,5,28.79,12.29,17.00,13.67,10.0,3.3333333333333335,-0.50
3c3a5f6477,Toulouse,Coupe des Violettes,19/02/2022,20/02/2022,SFC,CAT F1 NOVICE DAMES FREE SKATING,Rose CABIROL -S-,FRA,3,6,29.34,12.20,18.14,12.36,10.67,3.5566666666666666,-1.00
d89b696204,Toulouse,Coupe des Violettes,19/02/2022,20/02/2022,SFC,CAT F1 NOVICE DAMES FREE SKATING,Jade THORAVAL-EESES -S-,FRA,2,7,31.81,14.02,18.29,14.48,10.76,3.5866666666666664,-0.50
634e1ea0c5,Toulouse,Coupe des Violettes,19/02/2022,20/02/2022,SFC,CAT F1 NOVICE DAMES FREE SKATING,Perrine GIRON -S-,FRA,8,8,25.58,10.78,15.30,12.28,9.0,3.0,-0.50
64b89b2f61,Toulouse,Coupe des Violettes,19/02/2022,20/02/2022,SFC,CAT F1 NOVICE DAMES FREE SKATING,Leylou GAUTHIER -S-,FRA,7,9,27.88,11.65,16.73,12.5,9.84,3.28,-0.50
bfe3387c0e,Toulouse,Coupe des Violettes,19/02/2022,20/02/2022,SFC,CAT F1 NOVICE MESSIEURS FREE SKATING,Hugo GUILLOTEAU -S-,FRA,1,1,33.45,12.11,21.34,13.0,10.67,3.5566666666666666,0.00
8da29c25af,Toulouse,Coupe des Violettes,19/02/2022,20/02/2022,SFC,CAT F2 BENJAMIN DAMES FREE SKATING,Loe CHARBONNET,FRA,1,1,21.25,8.62,13.13,9.2,5.25,2.625,-0.50
ebdfb1fe5d,Toulouse,Coupe des Violettes,19/02/2022,20/02/2022,SFC,CAT F2 BENJAMIN DAMES FREE SKATING,Yaelle BOUQUIER,FRA,4,2,17.05,7.05,10.00,7.81,4.0,2.0,0.00
187926d92c,Toulouse,Coupe des Violettes,19/02/2022,20/02/2022,SFC,CAT F2 BENJAMIN DAMES FREE SKATING,Alyson CALMELS,FRA,3,3,19.58,8.52,11.06,9.12,4.42,2.21,0.00
cb767036fb,Toulouse,Coupe des Violettes,19/02/2022,20/02/2022,SFC,CAT F2 BENJAMIN DAMES FREE SKATING,Themis REY,FRA,2,4,20.47,8.27,12.70,9.3,5.08,2.54,-0.50
e4710f75b9,Toulouse,Coupe des Violettes,19/02/2022,20/02/2022,SFC,CAT F2 JUNIOR DAMES FREE SKATING,Elisa MARTY,FRA,3,1,27.25,11.81,15.44,12.75,9.08,3.026666666666667,0.00
fd59acf9b8,Toulouse,Coupe des Violettes,19/02/2022,20/02/2022,SFC,CAT F2 JUNIOR DAMES FREE SKATING,Camille BISCHOFF,FRA,2,2,28.72,12.63,16.59,14.32,9.76,3.2533333333333334,-0.50
d6bf443adb,Toulouse,Coupe des Violettes,19/02/2022,20/02/2022,SFC,CAT F2 JUNIOR DAMES FREE SKATING,Paloma LE SAINT HUBY,FRA,1,3,33.86,15.87,17.99,15.76,10.58,3.526666666666667,0.00
542d4970b9,Toulouse,Coupe des Violettes,19/02/2022,20/02/2022,SFC,CAT F2 JUNIOR DAMES FREE SKATING,Anais PAGES,FRA,4,4,27.10,12.01,15.59,13.44,9.17,3.0566666666666666,-0.50
b59a716b68,Toulouse,Coupe des Violettes,19/02/2022,20/02/2022,SFC,CAT N2 NOVICE MESSIEURS FREE SKATING,Lilian BROQUA -S-,FRA,1,1,46.26,18.98,27.28,18.9,15.16,3.79,0.00
bab72c8bad,Toulouse,Coupe des Violettes,19/02/2022,20/02/2022,SFC,CAT N2 POUSSIN DAMES FREE SKATING,Angelika ARKHIPOV ***,FRA,2,1,21.75,8.77,13.98,9.08,5.59,2.795,-1.00
ab1356cbff,Toulouse,Coupe des Violettes,19/02/2022,20/02/2022,SFC,CAT N2 POUSSIN DAMES FREE SKATING,Flora DANCI ***,FRA,1,2,22.64,8.96,14.18,9.84,5.67,2.835,-0.50
6f0853fe6c,Toulouse,Coupe des Violettes,19/02/2022,20/02/2022,SFC,CAT N2 SENIOR MESSIEURS FREE SKATING,Yohan SANTOS -S-,FRA,1,1,73.99,28.67,48.32,33.49,24.159999999999997,4.831999999999999,-3.00
e5db85b6b3,Toulouse,Coupe des Violettes,19/02/2022,20/02/2022,SFC,Challenge des Violettes 2022,Alicia CHAMPEVAL,FRA,3,1,9.00,9.74,8.75,10.2,8.75,2.1875,-0.50
e1449cfa76,Toulouse,Coupe des Violettes,19/02/2022,20/02/2022,SFC,Challenge des Violettes 2022,Maya GORCE,FRA,3,1,6.48,6.78,6.17,6.84,6.17,1.5425,0.00
0045d6ca7a,Toulouse,Coupe des Violettes,19/02/2022,20/02/2022,SFC,Challenge des Violettes 2022,Shaims PITIE,FRA,1,1,3.27,2.62,3.92,2.7,3.92,0.98,0.00
9d20ee1f99,Toulouse,Coupe des Violettes,19/02/2022,20/02/2022,SFC,Challenge des Violettes 2022,Izia ERNY,FRA,1,1,3.23,2.62,3.83,2.7,3.83,0.9575,0.00
6c858bc0ee,Toulouse,Coupe des Violettes,19/02/2022,20/02/2022,SFC,Challenge des Violettes 2022,Clara DUTHEIL MALEYRIE,FRA,4,2,8.72,8.77,9.17,9.23,9.17,2.2925,-0.50
4c0441afdc,Toulouse,Coupe des Violettes,19/02/2022,20/02/2022,SFC,Challenge des Violettes 2022,Maëllys VERBRUGGHE,FRA,5,2,5.36,5.88,5.33,5.9,5.33,1.3325,-0.50
78439e5881,Toulouse,Coupe des Violettes,19/02/2022,20/02/2022,SFC,Challenge des Violettes 2022,Sophie VIGNOLES,FRA,3,2,3.52,3.12,4.41,3.3,4.41,1.1025,-0.50
9660a36d6a,Toulouse,Coupe des Violettes,19/02/2022,20/02/2022,SFC,Challenge des Violettes 2022,Laurine BODIT,FRA,7,3,4.80,5.34,4.75,6.2,4.75,1.1875,-0.50
7986f7aba7,Toulouse,Coupe des Violettes,19/02/2022,20/02/2022,SFC,Challenge des Violettes 2022,Chloe BRAS,FRA,2,3,3.72,3.27,4.17,3.3,4.17,1.0425,0.00
bdf0be72a5,Toulouse,Coupe des Violettes,19/02/2022,20/02/2022,SFC,Challenge des Violettes 2022,Karlota GYOZALYAN,FRA,5,4,8.23,7.70,9.26,7.8,9.26,2.315,-0.50
3ca64d170d,Toulouse,Coupe des Violettes,19/02/2022,20/02/2022,SFC,Challenge des Violettes 2022,Arwen CHORRO,FRA,4,4,6.12,6.90,5.34,7.0,5.34,1.335,0.00
2674095a84,Toulouse,Coupe des Violettes,19/02/2022,20/02/2022,SFC,Challenge des Violettes 2022,Adele BOUQUIER,FRA,1,4,4.06,3.94,4.17,4.1,4.17,1.0425,0.00
1e526a4fcb,Toulouse,Coupe des Violettes,19/02/2022,20/02/2022,SFC,Challenge des Violettes 2022,Nell ERNY,FRA,2,5,7.79,7.15,8.42,7.0,8.42,2.105,0.00
02e73e04ff,Toulouse,Coupe des Violettes,19/02/2022,20/02/2022,SFC,Challenge des Violettes 2022,Lalie THOUVENIN,FRA,1,6,9.60,10.19,9.01,10.2,9.01,2.2525,0.00
7877fb591a,Toulouse,Coupe des Violettes,19/02/2022,20/02/2022,SFC,Challenge des Violettes 2022,Syrine PITIE,FRA,1,6,7.85,7.35,8.34,7.2,8.34,2.085,0.00
8f57160f29,Toulouse,Coupe des Violettes,19/02/2022,20/02/2022,SFC,Challenge des Violettes 2022,Elise DRUNOT,FRA,2,7,9.03,9.06,8.99,9.26,8.99,2.2475,0.00
3babb9fe8d,Toulouse,Coupe des Violettes,19/02/2022,20/02/2022,SFC,Challenge des Violettes 2022,Charlise BOYER,FRA,6,7,5.08,3.99,6.17,4.4,6.17,1.5425,0.00
c4835cd59a,Toulouse,Coupe des Violettes,19/02/2022,20/02/2022,SFC,Challenge des Violettes 2022,Eva CHORRO,FRA,8,8,4.51,3.76,5.25,4.2,5.25,1.3125,0.00
9ff9645f45,Le Havre,Criterium,02/04/2022,02/04/2023,Criterium,CRITERIUM BENJAMINS DAMES FREE SKATING,Charlie FRITZ--CAGNAT,FRA,14,1,22.59,9.33,13.76,10.8,5.5,2.75,-0.50
505f8ee056,Le Havre,Criterium,02/04/2022,02/04/2023,Criterium,CRITERIUM BENJAMINS DAMES FREE SKATING,Linda NGUYEN FRISON,FRA,9,2,25.40,10.19,15.21,10.74,6.08,3.04,0.00
aff309cd4b,Le Havre,Criterium,02/04/2022,02/04/2023,Criterium,CRITERIUM BENJAMINS DAMES FREE SKATING,Kim LE ROCH,FRA,6,3,26.28,11.50,14.78,11.3,5.91,2.955,0.00
8469770de1,Le Havre,Criterium,02/04/2022,02/04/2023,Criterium,CRITERIUM BENJAMINS DAMES FREE SKATING,Lili BELLE,FRA,4,4,26.53,10.43,17.10,11.2,6.84,3.42,-1.00
089c83d095,Le Havre,Criterium,02/04/2022,02/04/2023,Criterium,CRITERIUM BENJAMINS DAMES FREE SKATING,Leyna BERTOMEU,FRA,13,5,23.02,9.41,14.61,10.4,5.84,2.92,-1.00
218952cf6e,Le Havre,Criterium,02/04/2022,02/04/2023,Criterium,CRITERIUM BENJAMINS DAMES FREE SKATING,Rachel CLODIUS,FRA,11,6,24.37,9.37,15.00,10.24,6.0,3.0,0.00
536a6c986d,Le Havre,Criterium,02/04/2022,02/04/2023,Criterium,CRITERIUM BENJAMINS DAMES FREE SKATING,Silya OURAHMOUNE,FRA,3,7,27.20,12.70,15.00,14.0,6.0,3.0,-0.50
07467f8432,Le Havre,Criterium,02/04/2022,02/04/2023,Criterium,CRITERIUM BENJAMINS DAMES FREE SKATING,Lizy BERISHVILI,FRA,5,8,26.47,10.84,15.63,10.8,6.25,3.125,0.00
496298f51c,Le Havre,Criterium,02/04/2022,02/04/2023,Criterium,CRITERIUM BENJAMINS DAMES FREE SKATING,Chloe COMBES,FRA,10,9,25.23,10.65,14.58,11.0,5.83,2.915,0.00
6cdcb662e6,Le Havre,Criterium,02/04/2022,02/04/2023,Criterium,CRITERIUM BENJAMINS DAMES FREE SKATING,Josephine DUPARD,FRA,1,10,29.85,13.39,16.46,12.72,6.58,3.29,0.00
f9c11a575b,Le Havre,Criterium,02/04/2022,02/04/2023,Criterium,CRITERIUM BENJAMINS DAMES FREE SKATING,Saskia ERNY,FRA,16,11,21.66,9.26,12.90,10.0,5.16,2.58,-0.50
1f9ecab5b7,Le Havre,Criterium,02/04/2022,02/04/2023,Criterium,CRITERIUM BENJAMINS DAMES FREE SKATING,Emie BUCHOTTE,FRA,15,12,22.46,8.16,14.80,8.81,5.92,2.96,-0.50
e09453aa04,Le Havre,Criterium,02/04/2022,02/04/2023,Criterium,CRITERIUM BENJAMINS DAMES FREE SKATING,Celinie LEMARIE,FRA,12,13,23.85,9.35,15.00,10.1,6.0,3.0,-0.50
daf3d8af16,Le Havre,Criterium,02/04/2022,02/04/2023,Criterium,CRITERIUM BENJAMINS DAMES FREE SKATING,Mia HERVE,FRA,7,14,26.27,10.44,15.83,11.4,6.33,3.165,0.00
80236df2a4,Le Havre,Criterium,02/04/2022,02/04/2023,Criterium,CRITERIUM BENJAMINS DAMES FREE SKATING,Loreleï GWOSDZ,FRA,2,15,29.47,12.67,17.30,12.3,6.92,3.46,-0.50
84b3411de6,Le Havre,Criterium,02/04/2022,02/04/2023,Criterium,CRITERIUM BENJAMINS DAMES FREE SKATING,Lea LANEEUW,FRA,8,16,25.97,10.54,15.43,11.3,6.17,3.085,0.00
33f558ef67,Le Havre,Criterium,02/04/2022,02/04/2023,Criterium,CRITERIUM MINIMES DAMES FREE SKATING,Lola PANNEAU-THIERY,FRA,10,1,32.54,15.68,16.86,16.22,9.92,3.3066666666666666,0.00
66f7086436,Le Havre,Criterium,02/04/2022,02/04/2023,Criterium,CRITERIUM MINIMES DAMES FREE SKATING,Nolwenn ROBIC,FRA,8,2,33.82,16.11,17.71,15.8,10.42,3.473333333333333,0.00
9b550e9b27,Le Havre,Criterium,02/04/2022,02/04/2023,Criterium,CRITERIUM MINIMES DAMES FREE SKATING,Sarah LENFANT,FRA,20,3,29.12,13.26,16.86,14.06,9.92,3.3066666666666666,-1.00
802207973b,Le Havre,Criterium,02/04/2022,02/04/2023,Criterium,CRITERIUM MINIMES DAMES FREE SKATING,Clara SEGUY,FRA,19,4,29.30,11.80,18.00,12.14,10.59,3.53,-0.50
9e9f633dd0,Le Havre,Criterium,02/04/2022,02/04/2023,Criterium,CRITERIUM MINIMES DAMES FREE SKATING,Laora LEGENTILHOMME,FRA,7,5,33.85,15.93,18.42,16.74,10.83,3.61,-0.50
c5c2bafc0d,Le Havre,Criterium,02/04/2022,02/04/2023,Criterium,CRITERIUM MINIMES DAMES FREE SKATING,Danae DESHAIES,FRA,23,6,27.67,11.09,16.58,12.74,9.75,3.25,0.00
ff71273c6a,Le Havre,Criterium,02/04/2022,02/04/2023,Criterium,CRITERIUM MINIMES DAMES FREE SKATING,Lya GARCIA,FRA,21,7,29.04,13.31,15.73,14.14,9.25,3.0833333333333335,0.00
506ccbb4da,Le Havre,Criterium,02/04/2022,02/04/2023,Criterium,CRITERIUM MINIMES DAMES FREE SKATING,Loriane GOBAIN,FRA,22,8,28.02,13.93,14.59,16.3,8.58,2.86,-0.50
968e4d57bb,Le Havre,Criterium,02/04/2022,02/04/2023,Criterium,CRITERIUM MINIMES DAMES FREE SKATING,Emi FRITZ--CAGNAT,FRA,14,9,30.96,14.75,16.71,14.74,9.83,3.276666666666667,-0.50
ddab4f666d,Le Havre,Criterium,02/04/2022,02/04/2023,Criterium,CRITERIUM MINIMES DAMES FREE SKATING,Astrid DEBROCK,FRA,15,10,30.85,15.55,15.30,16.27,9.0,3.0,0.00
6a777fab56,Le Havre,Criterium,02/04/2022,02/04/2023,Criterium,CRITERIUM MINIMES DAMES FREE SKATING,Louna MAILLARD,FRA,24,11,27.33,12.38,15.45,15.01,9.09,3.03,-0.50
b5e5181ce5,Le Havre,Criterium,02/04/2022,02/04/2023,Criterium,CRITERIUM MINIMES DAMES FREE SKATING,Tanais LE BARON MALISSON,FRA,12,12,31.93,14.43,18.00,15.3,10.59,3.53,-0.50
caa1956039,Le Havre,Criterium,02/04/2022,02/04/2023,Criterium,CRITERIUM MINIMES DAMES FREE SKATING,Eva CASTELLANOS,FRA,13,13,31.73,13.59,18.14,14.04,10.67,3.5566666666666666,0.00
8ba3b27b44,Le Havre,Criterium,02/04/2022,02/04/2023,Criterium,CRITERIUM MINIMES DAMES FREE SKATING,Lola KACI,FRA,17,14,30.07,12.08,17.99,11.92,10.58,3.526666666666667,0.00
4b70ebcfc8,Le Havre,Criterium,02/04/2022,02/04/2023,Criterium,CRITERIUM MINIMES DAMES FREE SKATING,Naila VISA AUQUE,FRA,9,15,33.63,15.35,18.28,14.84,10.75,3.5833333333333335,0.00
b7f3cd43bd,Le Havre,Criterium,02/04/2022,02/04/2023,Criterium,CRITERIUM MINIMES DAMES FREE SKATING,Charline HALEGUA,FRA,5,16,35.43,16.44,18.99,15.4,11.17,3.723333333333333,0.00
bfc79f3591,Le Havre,Criterium,02/04/2022,02/04/2023,Criterium,CRITERIUM MINIMES DAMES FREE SKATING,Maelys PARNAUDEAU,FRA,18,17,29.56,14.55,16.01,16.24,9.41,3.1366666666666667,-1.00
36512b63e8,Le Havre,Criterium,02/04/2022,02/04/2023,Criterium,CRITERIUM MINIMES DAMES FREE SKATING,Alyssa LASRY,FRA,4,18,35.69,17.62,18.57,18.22,10.92,3.64,-0.50
ee7af6ee01,Le Havre,Criterium,02/04/2022,02/04/2023,Criterium,CRITERIUM MINIMES DAMES FREE SKATING,Mayane KHACHAB,FRA,6,19,34.60,15.40,19.70,15.7,11.59,3.8633333333333333,-0.50
92ced3aafa,Le Havre,Criterium,02/04/2022,02/04/2023,Criterium,CRITERIUM MINIMES DAMES FREE SKATING,Camille BERTOIS,FRA,3,20,36.40,18.27,18.13,17.6,10.67,3.5566666666666666,0.00
51ab4bad49,Le Havre,Criterium,02/04/2022,02/04/2023,Criterium,CRITERIUM MINIMES DAMES FREE SKATING,Leyla MAIGA,FRA,16,21,30.83,14.33,17.00,15.9,10.0,3.3333333333333335,-0.50
fbf6fde443,Le Havre,Criterium,02/04/2022,02/04/2023,Criterium,CRITERIUM MINIMES DAMES FREE SKATING,Iris HAUPTMANN,FRA,2,22,37.34,18.50,18.84,17.92,11.08,3.6933333333333334,0.00
2b688c37f9,Le Havre,Criterium,02/04/2022,02/04/2023,Criterium,CRITERIUM MINIMES DAMES FREE SKATING,Axelle AUSSANT,FRA,11,23,32.25,14.90,17.85,17.18,10.5,3.5,-0.50
3361b743bb,Le Havre,Criterium,02/04/2022,02/04/2023,Criterium,CRITERIUM MINIMES DAMES FREE SKATING,Shylina RENAUD,FRA,1,24,37.77,17.80,19.97,17.2,11.75,3.9166666666666665,0.00
556273d14d,Romorantin-Lanthenay,TDF B4,27/11/2021,28/11/2021,TdF,TDF B4 Romorantin,Yohan SANTOS,FRA,1,1,57.19,26.05,34.14,32.31,17.07,3.414,-3.00
991d66bf0d,Bercy,TDF C7,15/01/2022,16/01/2022,TdF,TDF BERCY - 2022,Lilian BROQUA,FRA,4,1,38.87,17.91,21.46,19.16,11.92,2.98,-0.50
9fb7b55d58,Bercy,TDF C7,15/01/2022,16/01/2022,TdF,TDF BERCY - 2022,Tom PECQUET,FRA,1,2,47.12,22.82,24.30,22.6,13.5,3.375,0.00
e858eb8b71,Bercy,TDF C7,15/01/2022,16/01/2022,TdF,TDF BERCY - 2022,Oxence DOUALE--LEPAGE,FRA,2,3,42.44,18.93,23.51,19.0,13.07,3.2675,0.00
1d3ae89e3d,Bercy,TDF C7,15/01/2022,16/01/2022,TdF,TDF BERCY - 2022,Leo JIANG,FRA,3,4,40.13,17.54,23.09,19.48,12.83,3.2075,-0.50
2217671bc8,Castres,Trophée de Castres,05/02/2022,06/02/2022,Regional,BASIC NOVICE MINIMES/NOVICES DAMES FREE SKATING,Hanae FOURNAT,FRA,6,1,20.33,7.83,12.50,8.3,5.0,2.5,0.00
a703c634fe,Castres,Trophée de Castres,05/02/2022,06/02/2022,Regional,BASIC NOVICE MINIMES/NOVICES DAMES FREE SKATING,Maelys TARZAALI,FRA,11,2,16.42,5.26,11.66,6.4,4.66,2.33,-0.50
a7bc0fe783,Castres,Trophée de Castres,05/02/2022,06/02/2022,Regional,BASIC NOVICE MINIMES/NOVICES DAMES FREE SKATING,Leonie DENOYELLE,FRA,10,3,17.35,6.09,11.26,6.4,4.5,2.25,0.00
e612ea912d,Castres,Trophée de Castres,05/02/2022,06/02/2022,Regional,BASIC NOVICE MINIMES/NOVICES DAMES FREE SKATING,Lou Anh CHAMEROIS,FRA,1,4,22.95,8.77,14.18,9.2,5.67,2.835,0.00
7844d971b7,Castres,Trophée de Castres,05/02/2022,06/02/2022,Regional,BASIC NOVICE MINIMES/NOVICES DAMES FREE SKATING,Lina KARMOUNI,FRA,7,5,20.02,8.51,12.51,9.3,5.0,2.5,-1.00
40e368c142,Castres,Trophée de Castres,05/02/2022,06/02/2022,Regional,BASIC NOVICE MINIMES/NOVICES DAMES FREE SKATING,Besma BOUSSOUALIN,FRA,5,6,20.37,8.01,13.36,9.84,5.34,2.67,-1.00
0c89133d31,Castres,Trophée de Castres,05/02/2022,06/02/2022,Regional,BASIC NOVICE MINIMES/NOVICES DAMES FREE SKATING,Tahys NIZAN,FRA,8,7,19.45,7.94,12.51,9.4,5.0,2.5,-1.00
a07c29680d,Castres,Trophée de Castres,05/02/2022,06/02/2022,Regional,BASIC NOVICE MINIMES/NOVICES DAMES FREE SKATING,Luna GOYARD,FRA,9,8,17.39,6.44,11.45,6.48,4.58,2.29,-0.50
430691cdbd,Castres,Trophée de Castres,05/02/2022,06/02/2022,Regional,BASIC NOVICE MINIMES/NOVICES DAMES FREE SKATING,Lou Anne BLACHE,FRA,3,9,21.08,7.28,14.80,8.32,5.92,2.96,-1.00
a70f82abb3,Castres,Trophée de Castres,05/02/2022,06/02/2022,Regional,BASIC NOVICE MINIMES/NOVICES DAMES FREE SKATING,Camille ESCUDIE--BERTRAND,FRA,4,10,20.63,7.93,12.70,8.5,5.08,2.54,0.00
a69a41a5c0,Castres,Trophée de Castres,05/02/2022,06/02/2022,Regional,BASIC NOVICE MINIMES/NOVICES DAMES FREE SKATING,Marion VIALA,FRA,12,11,13.70,5.92,9.78,8.88,3.91,1.955,-2.00
35efca5388,Castres,Trophée de Castres,05/02/2022,06/02/2022,Regional,BASIC NOVICE MINIMES/NOVICES DAMES FREE SKATING,Zoé ERY-PEYTAVY,FRA,2,13,22.87,8.69,14.18,8.7,5.67,2.835,0.00
e4ca76a2ba,Castres,Trophée de Castres,05/02/2022,06/02/2022,Regional,BASIC NOVICES JUNIOR/SENIOR DAMES FREE SKATING,Elise PASTEUR,FRA,3,1,21.60,6.80,14.80,7.2,5.92,2.96,0.00
14ddb46c80,Castres,Trophée de Castres,05/02/2022,06/02/2022,Regional,BASIC NOVICES JUNIOR/SENIOR DAMES FREE SKATING,Eva DABOVILLE,FRA,5,2,17.61,4.78,13.33,5.48,5.33,2.665,-0.50
0faf8d7c29,Castres,Trophée de Castres,05/02/2022,06/02/2022,Regional,BASIC NOVICES JUNIOR/SENIOR DAMES FREE SKATING,Carla ATTARD,FRA,4,3,19.00,5.74,13.76,5.88,5.5,2.75,-0.50
8a32141694,Castres,Trophée de Castres,05/02/2022,06/02/2022,Regional,BASIC NOVICES JUNIOR/SENIOR DAMES FREE SKATING,Maeva BORIES,FRA,1,4,30.36,13.68,16.68,13.12,6.67,3.335,0.00
d685504907,Castres,Trophée de Castres,05/02/2022,06/02/2022,Regional,BASIC NOVICES JUNIOR/SENIOR DAMES FREE SKATING,Alexandrine CALBO,FRA,2,5,25.48,10.90,14.58,12.0,5.83,2.915,0.00
3cfaaddd7a,Castres,Trophée de Castres,05/02/2022,06/02/2022,Regional,FEDERAL 1 BENJAMIN DAMES FREE SKATING,Chloe COMBES,FRA,2,1,25.39,10.79,14.60,11.3,5.84,2.92,0.00
cc67ec9f53,Castres,Trophée de Castres,05/02/2022,06/02/2022,Regional,FEDERAL 1 BENJAMIN DAMES FREE SKATING,Lilly BRUNEVAL,FRA,4,2,15.59,6.34,11.25,8.33,4.5,2.25,-2.00
c50fbeb9db,Castres,Trophée de Castres,05/02/2022,06/02/2022,Regional,FEDERAL 1 BENJAMIN DAMES FREE SKATING,Mia HERVE,FRA,1,3,28.46,11.88,17.08,12.0,6.83,3.415,-0.50
2dbc33070e,Castres,Trophée de Castres,05/02/2022,06/02/2022,Regional,FEDERAL 1 BENJAMIN DAMES FREE SKATING,Clemence VIALA,FRA,3,4,22.55,8.99,13.56,9.96,5.42,2.71,0.00
41733a320f,Castres,Trophée de Castres,05/02/2022,06/02/2022,Regional,FEDERAL 1 MINIMES DAMES FREE SKATING,Lya GARCIA,FRA,3,1,29.39,13.18,16.71,14.04,9.83,3.276666666666667,-0.50
71a4576c93,Castres,Trophée de Castres,05/02/2022,06/02/2022,Regional,FEDERAL 1 MINIMES DAMES FREE SKATING,Lena NECA,FRA,2,2,30.20,14.48,15.72,14.0,9.24,3.08,0.00
26a1a3bc5b,Castres,Trophée de Castres,05/02/2022,06/02/2022,Regional,FEDERAL 1 MINIMES DAMES FREE SKATING,Samantha SANDOVAL. ROUGON,FRA,5,3,27.12,12.46,15.16,13.3,8.92,2.973333333333333,-0.50
501014a6eb,Castres,Trophée de Castres,05/02/2022,06/02/2022,Regional,FEDERAL 1 MINIMES DAMES FREE SKATING,Danae DESHAIES,FRA,4,4,28.63,12.33,16.30,13.78,9.58,3.1933333333333334,0.00
4e177c3666,Castres,Trophée de Castres,05/02/2022,06/02/2022,Regional,FEDERAL 1 MINIMES DAMES FREE SKATING,Naissa SIMON-GUERIN,FRA,1,5,33.60,14.19,19.41,13.24,11.42,3.8066666666666666,0.00
bc646e0acc,Castres,Trophée de Castres,05/02/2022,06/02/2022,Regional,FEDERAL 1 NOVICES MESSIEURS FREE SKATING,Hugo GUILLOTEAU,FRA,1,1,35.72,15.56,20.66,16.7,10.33,3.4433333333333334,-0.50
fdf4edffc3,Castres,Trophée de Castres,05/02/2022,06/02/2022,Regional,INTERMEDIATE JUNIOR/SENIOR DAMES FREE SKATING,Elvina LAURENS,FRA,1,1,28.92,13.27,16.15,14.92,9.5,3.1666666666666665,-0.50
4bf723e344,Castres,Trophée de Castres,05/02/2022,06/02/2022,Regional,NATIONAL 2 NOVICES MESSIEURS FREE SKATING,Lilian BROQUA,FRA,1,2,42.51,18.66,23.85,19.2,13.25,3.3125,0.00
d65f420a31,Castres,Trophée de Castres,05/02/2022,06/02/2022,Regional,NATIONAL 2 SENIOR MESSIEURS FREE SKATING,Yohan SANTOS,FRA,1,1,73.08,31.08,43.00,32.4,21.5,4.3,-1.00
b65be3f4ff,Castres,Trophée de Castres,05/02/2022,06/02/2022,Regional,REGIONAL A MINIMES/NOVICES DAMES FREE SKATING,Amandine CATUSSE,FRA,5,1,9.45,10.06,8.84,10.4,8.84,2.21,0.00
e24d0572a2,Castres,Trophée de Castres,05/02/2022,06/02/2022,Regional,REGIONAL A MINIMES/NOVICES DAMES FREE SKATING,Fanny CULLELL,FRA,4,2,9.58,10.08,9.08,10.53,9.08,2.27,0.00
625f546e5b,Castres,Trophée de Castres,05/02/2022,06/02/2022,Regional,REGIONAL A MINIMES/NOVICES DAMES FREE SKATING,Maeva ALBERT,FRA,3,3,9.65,9.22,10.08,9.3,10.08,2.52,0.00
dde37a54b4,Castres,Trophée de Castres,05/02/2022,06/02/2022,Regional,REGIONAL A MINIMES/NOVICES DAMES FREE SKATING,Kalie COMTE--MAHIEU,FRA,7,4,8.71,7.58,9.84,7.78,9.84,2.46,0.00
e93cca6a6b,Castres,Trophée de Castres,05/02/2022,06/02/2022,Regional,REGIONAL A MINIMES/NOVICES DAMES FREE SKATING,Mathilde MERY,FRA,6,5,8.96,8.16,9.75,8.4,9.75,2.4375,0.00
fc471a28bf,Castres,Trophée de Castres,05/02/2022,06/02/2022,Regional,REGIONAL A MINIMES/NOVICES DAMES FREE SKATING,Michelle KIGEL,FRA,1,6,9.90,9.55,10.25,9.73,10.25,2.5625,0.00
a0cfe15517,Castres,Trophée de Castres,05/02/2022,06/02/2022,Regional,REGIONAL A MINIMES/NOVICES DAMES FREE SKATING,Diane COCHEZ,FRA,2,7,9.82,10.06,10.08,10.4,10.08,2.52,-0.50
b25f4e7261,Castres,Trophée de Castres,05/02/2022,06/02/2022,Regional,REGIONAL A POUSSIN/BINJAMIN DAMES FREE SKATING,Mila HAMERLING-GIUSTINIANI,FRA,1,1,10.03,10.31,9.75,10.0,9.75,2.4375,0.00
404022f49f,Castres,Trophée de Castres,05/02/2022,06/02/2022,Regional,REGIONAL A POUSSIN/BINJAMIN DAMES FREE SKATING,Camille BARTHELEMY,FRA,3,2,9.42,9.85,8.99,10.08,8.99,2.2475,0.00
1fedb6444f,Castres,Trophée de Castres,05/02/2022,06/02/2022,Regional,REGIONAL A POUSSIN/BINJAMIN DAMES FREE SKATING,Yaelle BOUQUIER,FRA,2,3,9.70,9.82,9.58,9.93,9.58,2.395,0.00
66f3ec43a4,Castres,Trophée de Castres,05/02/2022,06/02/2022,Regional,REGIONAL B JUNIOR DAMES FREE SKATING,Victoria LLEDOS,FRA,1,2,7.25,7.25,7.25,7.4,7.25,1.8125,0.00
c4f74b584e,Castres,Trophée de Castres,05/02/2022,06/02/2022,Regional,REGIONAL B MINIMES/NOVICES DAMES FREE SKATING,Celia KIBITI,FRA,1,1,8.68,8.53,8.83,8.5,8.83,2.2075,0.00
6bf59c1925,Castres,Trophée de Castres,05/02/2022,06/02/2022,Regional,REGIONAL B MINIMES/NOVICES DAMES FREE SKATING,Jeanne BOUTON MARGAIL,FRA,3,2,7.67,7.26,8.08,7.2,8.08,2.02,0.00
742fb1da63,Castres,Trophée de Castres,05/02/2022,06/02/2022,Regional,REGIONAL B MINIMES/NOVICES DAMES FREE SKATING,Margaux ETIENNE,FRA,2,3,8.23,8.03,8.42,8.3,8.42,2.105,0.00
eafa5802d0,Toulouse,Trophée de Noël,11/12/2021,12/12/2021,TF,BASIC NOVICE JUNIOR/SENIOR FILLES FREE SKATING,Elise PASTEUR,FRA,1,1,22.85,9.82,13.53,10.2,5.41,2.705,-0.50
6d43103d33,Toulouse,Trophée de Noël,11/12/2021,12/12/2021,TF,BASIC NOVICE JUNIOR/SENIOR FILLES FREE SKATING,Carla ATTARD,FRA,2,2,16.86,6.18,11.68,7.98,4.67,2.335,-1.00
696581df34,Toulouse,Trophée de Noël,11/12/2021,12/12/2021,TF,BASIC NOVICE MINIME/NOVICE FILLES FREE SKATING,Lina KARMOUNI,FRA,5,1,20.92,8.84,12.08,9.78,4.83,2.415,0.00
bb6535c00f,Toulouse,Trophée de Noël,11/12/2021,12/12/2021,TF,BASIC NOVICE MINIME/NOVICE FILLES FREE SKATING,Jeanne DENOYELLE,FRA,10,2,16.80,5.82,11.48,7.47,4.59,2.295,-0.50
1c79760cbd,Toulouse,Trophée de Noël,11/12/2021,12/12/2021,TF,BASIC NOVICE MINIME/NOVICE FILLES FREE SKATING,Zoé ERY-PEYTAVY,FRA,4,3,21.20,7.87,13.33,7.7,5.33,2.665,0.00
481fede470,Toulouse,Trophée de Noël,11/12/2021,12/12/2021,TF,BASIC NOVICE MINIME/NOVICE FILLES FREE SKATING,Erin MEYER,FRA,6,4,19.75,8.77,11.48,10.1,4.59,2.295,-0.50
2e3942e31a,Toulouse,Trophée de Noël,11/12/2021,12/12/2021,TF,BASIC NOVICE MINIME/NOVICE FILLES FREE SKATING,Hanae FOURNAT,FRA,7,5,19.73,6.60,13.13,6.8,5.25,2.625,0.00
b9306bfa05,Toulouse,Trophée de Noël,11/12/2021,12/12/2021,TF,BASIC NOVICE MINIME/NOVICE FILLES FREE SKATING,Camille ESCUDIE--BERTRAND,FRA,9,6,17.65,6.55,12.10,6.8,4.84,2.42,-1.00
40c6d61954,Toulouse,Trophée de Noël,11/12/2021,12/12/2021,TF,BASIC NOVICE MINIME/NOVICE FILLES FREE SKATING,Clara BUSNEL,FRA,1,7,25.48,11.38,14.60,11.16,5.84,2.92,-0.50
5f71ecc439,Toulouse,Trophée de Noël,11/12/2021,12/12/2021,TF,BASIC NOVICE MINIME/NOVICE FILLES FREE SKATING,Besma BOUSSOUALIN,FRA,3,8,22.17,8.62,13.55,8.9,5.42,2.71,0.00
351cc99764,Toulouse,Trophée de Noël,11/12/2021,12/12/2021,TF,BASIC NOVICE MINIME/NOVICE FILLES FREE SKATING,Leonie DENOYELLE,FRA,11,9,14.73,4.60,10.63,6.74,4.25,2.125,-0.50
71027ca9f4,Toulouse,Trophée de Noël,11/12/2021,12/12/2021,TF,BASIC NOVICE MINIME/NOVICE FILLES FREE SKATING,Inès KARMOUNI,FRA,8,10,18.95,8.77,11.68,10.6,4.67,2.335,-1.50
c3a061e577,Toulouse,Trophée de Noël,11/12/2021,12/12/2021,TF,BASIC NOVICE MINIME/NOVICE FILLES FREE SKATING,Lena REUTER,FRA,2,11,23.37,8.17,15.20,8.23,6.08,3.04,0.00
02f4eae2a0,Toulouse,Trophée de Noël,11/12/2021,12/12/2021,TF,CAT A BENJAMIN FILLES FREE SKATING,Yaelle BOUQUIER,FRA,1,1,9.57,8.63,10.50,8.6,10.5,2.625,0.00
0ccca59e4b,Toulouse,Trophée de Noël,11/12/2021,12/12/2021,TF,CAT A OPEN MINIME FILLES FREE SKATING,Marion VIALA,FRA,2,1,11.78,12.73,10.83,13.0,10.83,2.7075,0.00
db2565c1bb,Toulouse,Trophée de Noël,11/12/2021,12/12/2021,TF,CAT A OPEN MINIME FILLES FREE SKATING,Maelys TARZAALI,FRA,3,2,10.85,11.28,10.92,12.3,10.92,2.73,-0.50
f46341d239,Toulouse,Trophée de Noël,11/12/2021,12/12/2021,TF,CAT A OPEN MINIME FILLES FREE SKATING,Rose PAULEY,FRA,1,3,12.26,13.44,11.08,13.0,11.08,2.77,0.00
41dbf67cd2,Toulouse,Trophée de Noël,11/12/2021,12/12/2021,TF,CAT A OPEN NOVICE FILLES FREE SKATING,Amandine CATUSSE,FRA,1,1,10.68,11.52,9.84,12.03,9.84,2.46,0.00
2477bcd35e,Toulouse,Trophée de Noël,11/12/2021,12/12/2021,TF,CAT A POUSSIN FILLES FREE SKATING,Angelika ARKHIPOV,FRA,1,1,11.36,12.22,10.50,12.3,10.5,2.625,0.00
3aa8d01d9c,Toulouse,Trophée de Noël,11/12/2021,12/12/2021,TF,CAT A POUSSIN FILLES FREE SKATING,Camille BARTHELEMY,FRA,2,2,8.40,7.46,9.34,7.6,9.34,2.335,0.00
d302863698,Toulouse,Trophée de Noël,11/12/2021,12/12/2021,TF,CAT B OPEN JUNIOR/SENIOR FILLES FREE SKATING,Victoria LLEDOS,FRA,1,1,8.53,8.39,8.66,8.5,8.66,2.165,0.00
7ce5bb188f,Toulouse,Trophée de Noël,11/12/2021,12/12/2021,TF,CAT B OPEN MINIME FILLES FREE SKATING,Kalie COMTE--MAHIEU,FRA,2,1,8.24,8.48,8.00,8.5,8.0,2.0,0.00
3b5ec5ad10,Toulouse,Trophée de Noël,11/12/2021,12/12/2021,TF,CAT B OPEN MINIME FILLES FREE SKATING,Margaux ETIENNE,FRA,3,2,7.95,8.14,7.75,8.3,7.75,1.9375,0.00
452f219b70,Toulouse,Trophée de Noël,11/12/2021,12/12/2021,TF,CAT B OPEN MINIME FILLES FREE SKATING,Eva FLOREK,FRA,4,3,7.26,5.94,8.58,5.9,8.58,2.145,0.00
95d4f14cd9,Toulouse,Trophée de Noël,11/12/2021,12/12/2021,TF,CAT B OPEN MINIME FILLES FREE SKATING,Laura PASCUAL,FRA,5,4,5.98,5.63,6.33,5.9,6.33,1.5825,0.00
40dbb42122,Toulouse,Trophée de Noël,11/12/2021,12/12/2021,TF,CAT B OPEN MINIME FILLES FREE SKATING,Emy COURTIN,FRA,1,5,9.35,9.03,9.66,8.9,9.66,2.415,0.00
870bf02103,Toulouse,Trophée de Noël,11/12/2021,12/12/2021,TF,CAT B OPEN NOVICE FILLES FREE SKATING,Celia KIBITI,FRA,1,1,7.93,8.45,7.41,8.5,7.41,1.8525,0.00
d94872bf92,Toulouse,Trophée de Noël,11/12/2021,12/12/2021,TF,CAT C BENJAMIN FILLES FREE SKATING,Syrine PITIE,FRA,1,1,6.02,4.11,7.92,4.1,7.92,1.98,0.00
582d7c049b,Toulouse,Trophée de Noël,11/12/2021,12/12/2021,TF,CAT C POUSSIN FILLES FREE SKATING,Nell ERNY,FRA,1,1,7.27,6.03,8.50,5.8,8.5,2.125,0.00
fd2f876210,Toulouse,Trophée de Noël,11/12/2021,12/12/2021,TF,CATEGORIE 1 POUSSIN FILLES FREE SKATING,Chloe BRAS,FRA,1,1,4.03,2.38,5.67,2.7,5.67,1.4175,0.00
b2e4ff3ef7,Toulouse,Trophée de Noël,11/12/2021,12/12/2021,TF,CATEGORIE 1 POUSSIN FILLES FREE SKATING,Izia ERNY,FRA,2,2,3.72,2.28,5.16,2.7,5.16,1.29,0.00
49d721375e,Toulouse,Trophée de Noël,11/12/2021,12/12/2021,TF,CATEGORIE 1 POUSSIN GARCONS FREE SKATING,Shaims PITIE,FRA,1,1,4.80,2.76,6.83,2.7,6.83,1.7075,0.00
acc7622aa0,Toulouse,Trophée de Noël,11/12/2021,12/12/2021,TF,CATEGORIE 2 POUSSIN FILLES FREE SKATING,Sophie VIGNOLES,FRA,2,1,4.67,3.42,6.41,4.1,6.41,1.6025,-0.50
740c7588f3,Toulouse,Trophée de Noël,11/12/2021,12/12/2021,TF,CATEGORIE 2 POUSSIN FILLES FREE SKATING,Adele BOUQUIER,FRA,1,2,4.73,3.63,5.83,4.1,5.83,1.4575,0.00
4a048850bc,Toulouse,Trophée de Noël,11/12/2021,12/12/2021,TF,F1 MINIME FILLES FREE SKATING,Maelys PARNAUDEAU,FRA,4,1,28.72,13.92,15.30,15.04,9.0,3.0,-0.50
316a0a0061,Toulouse,Trophée de Noël,11/12/2021,12/12/2021,TF,F1 MINIME FILLES FREE SKATING,Samantha SANDOVAL. ROUGON,FRA,6,2,16.38,4.90,11.48,6.04,6.75,2.25,0.00
994de780c3,Toulouse,Trophée de Noël,11/12/2021,12/12/2021,TF,F1 MINIME FILLES FREE SKATING,Naila VISA AUQUE,FRA,3,3,29.13,12.91,16.72,13.71,9.83,3.276666666666667,-0.50
c2b606e2ac,Toulouse,Trophée de Noël,11/12/2021,12/12/2021,TF,F1 MINIME FILLES FREE SKATING,Lya GARCIA,FRA,2,5,29.43,14.83,14.60,15.4,8.59,2.8633333333333333,0.00
d9df5d42cc,Toulouse,Trophée de Noël,11/12/2021,12/12/2021,TF,F1 MINIME FILLES FREE SKATING,Eva CASTELLANOS,FRA,1,6,31.29,13.30,17.99,12.5,10.58,3.526666666666667,0.00
7ae96e113c,Toulouse,Trophée de Noël,11/12/2021,12/12/2021,TF,F1 MINIME FILLES FREE SKATING,Naissa SIMON-GUERIN,FRA,5,7,28.18,9.63,18.55,9.63,10.91,3.6366666666666667,0.00
d57ab95a95,Toulouse,Trophée de Noël,11/12/2021,12/12/2021,TF,F1 NOVICE FILLES FREE SKATING,Mathilde CLIQUOT,FRA,1,1,28.38,11.17,17.71,11.94,10.42,3.473333333333333,-0.50
674cff475c,Toulouse,Trophée de Noël,11/12/2021,12/12/2021,TF,F1 NOVICE FILLES FREE SKATING,Rachel MARTINEZ,FRA,2,3,27.10,12.44,15.16,14.1,8.92,2.973333333333333,-0.50
5435475620,Toulouse,Trophée de Noël,11/12/2021,12/12/2021,TF,F1 NOVICE GARCONS FREE SKATING,Hugo GUILLOTEAU,FRA,1,1,38.21,16.21,22.00,15.2,11.0,3.6666666666666665,0.00
8b7c4d645b,Toulouse,Trophée de Noël,11/12/2021,12/12/2021,TF,F2 BENJAMIN FILLES FREE SKATING,Maloe GRATALON,FRA,4,1,20.31,8.11,12.70,9.91,5.08,2.54,-0.50
d86c69a584,Toulouse,Trophée de Noël,11/12/2021,12/12/2021,TF,F2 BENJAMIN FILLES FREE SKATING,Saskia ERNY,FRA,2,2,27.11,10.63,16.48,10.1,6.59,3.295,0.00
fd533b66e1,Toulouse,Trophée de Noël,11/12/2021,12/12/2021,TF,F2 BENJAMIN FILLES FREE SKATING,Clemence VIALA,FRA,3,3,23.78,9.68,14.60,10.74,5.84,2.92,-0.50
aff9b058c5,Toulouse,Trophée de Noël,11/12/2021,12/12/2021,TF,F2 BENJAMIN FILLES FREE SKATING,Mia HERVE,FRA,1,4,27.59,10.39,17.70,9.7,7.08,3.54,-0.50
e9b50dc122,Toulouse,Trophée de Noël,11/12/2021,12/12/2021,TF,F2 BENJAMIN FILLES FREE SKATING,Alyson CALMELS,FRA,5,6,16.55,6.19,10.86,6.8,4.34,2.17,-0.50
0da35986de,Toulouse,Trophée de Noël,11/12/2021,12/12/2021,TF,F2 JUNIOR FILLES FREE SKATING,Paloma LE SAINT HUBY,FRA,2,1,33.65,14.65,20.00,15.76,10.0,3.3333333333333335,-1.00
0826d24021,Toulouse,Trophée de Noël,11/12/2021,12/12/2021,TF,F2 JUNIOR FILLES FREE SKATING,Anais PAGES,FRA,3,2,30.58,12.40,18.18,13.2,9.09,3.03,0.00
1f5bfc6dcb,Toulouse,Trophée de Noël,11/12/2021,12/12/2021,TF,F2 JUNIOR FILLES FREE SKATING,Elisa MARTY,FRA,5,3,28.37,10.71,17.66,12.13,8.83,2.9433333333333334,0.00
08843fac14,Toulouse,Trophée de Noël,11/12/2021,12/12/2021,TF,F2 JUNIOR FILLES FREE SKATING,Mariona COLL COTS,FRA,1,4,36.83,16.67,20.16,17.2,10.08,3.36,0.00
cee97f145d,Toulouse,Trophée de Noël,11/12/2021,12/12/2021,TF,F2 JUNIOR FILLES FREE SKATING,Camille BISCHOFF,FRA,4,5,29.30,10.64,19.66,11.84,9.83,3.276666666666667,-1.00
38f2dd0b4e,Toulouse,Trophée de Noël,11/12/2021,12/12/2021,TF,N2 NOVICE GARCONS FREE SKATING,Lilian BROQUA,FRA,1,1,43.58,18.43,25.65,20.08,14.25,3.5625,-0.50
d480965e05,Toulouse,Trophée de Noël,11/12/2021,12/12/2021,TF,N2 SENIOR FILLES FREE SKATING,Serena GIRAUD,FRA,1,1,74.95,29.42,48.53,28.7,30.33,6.066,-3.00
fd1baaedea,Toulouse,Trophée de Noël,11/12/2021,12/12/2021,TF,N2 SENIOR GARCONS FREE SKATING,Yohan SANTOS,FRA,1,1,78.40,26.58,52.82,29.06,26.409999999999997,5.281999999999999,-1.00
